codigo_transpetro,origem_ensitec,tipo_de_recurso,grau_de_aderencia,observacao
PT-01,src/content/lessons/portugues.ts (Leitura e compreensão de textos),explicação conceitual + exercícios,DIRETO,Conteúdo genérico de compreensão textual, sem vínculo com administração municipal; aproveitável quase sem alteração.
PT-01,src/content/lessons/portugues-codex.ts (Leitura e compreensão: estratégias para textos complexos),explicação conceitual + flashcards,DIRETO,Reforça estratégias de leitura; genérico.
PT-01,src/content/lessons/portugues-trio-1.ts (Aplicação/Revisão: leitura e compreensão de textos),exercícios de aplicação/revisão,DIRETO,Exercícios usam "texto administrativo curto" municipal como pretexto; trocar apenas o texto-base pelo estilo Transpetro/Petrobras se desejado, mas a técnica é reaproveitável direto.
PT-02,src/content/lessons/portugues.ts (Acentuação gráfica e ortografia),explicação conceitual,DIRETO,Baseado no Acordo Ortográfico de 1990 (vigente desde 2016) — legislação linguística nacional, não muda por concurso.
PT-02,src/content/lessons/portugues-trio-3.ts (Revisão por questões: acentuação e ortografia),exercícios,DIRETO,Mesma base do Acordo Ortográfico de 1990.
PT-03,src/content/lessons/portugues.ts (Coesão, coerência, relações textuais e conectivos),explicação conceitual,DIRETO,Conteúdo gramatical genérico.
PT-03,src/content/lessons/portugues-codex.ts (Coesão referencial e sequencial / Conectivos e relações de sentido),explicação conceitual + flashcards,DIRETO,Aprofundamento de coesão referencial e sequencial, genérico e transferível.
PT-03,src/content/lessons/portugues-trio-1.ts (Aplicação/Revisão: coesão, coerência e conectivos),exercícios,DIRETO,Exercício usa conectivos em texto administrativo; estrutura reaproveitável.
PT-04,src/content/lessons/portugues.ts (Formação, classes e flexão de palavras),explicação conceitual,DIRETO,Morfologia genérica.
PT-04,src/content/lessons/portugues-codex.ts (Classes de palavras: forma, função e sentido / Formação de palavras: estrutura e processos),explicação conceitual,DIRETO,Aprofundamento morfológico genérico.
PT-05,src/content/lessons/portugues-codex.ts (menções de concordância dentro das explicações de coesão referencial e reescrita, linhas ~24, ~128, ~252, ~531),explicação conceitual (embutida, não é aula dedicada),ADAPTAVEL,Não existe aula dedicada a "concordância nominal e verbal" no ENSITEC — o tema aparece apenas de forma pontual dentro de outras aulas (coesão, reescrita). É preciso criar/expandir uma aula específica de concordância para a Transpetro.
PT-05,src/content/lessons/portugues-trio-2.ts (menção pontual em flashcard sobre concordância de gênero na voz passiva),flashcard pontual,ADAPTAVEL,Cobertura mínima e indireta; não substitui aula dedicada de concordância.
PT-05,src/content/videos/lote2.ts (vídeo "Revisão português / Concordância, Regência, Crase e Colocação pronominal"),vídeo (link curado externo),REFERENCIA_APENAS,É um link de vídeo do YouTube curado pelo ENSITEC (não é material autoral); pode servir apenas como referência de apoio, não como conteúdo próprio.
PT-06,src/content/lessons/portugues.ts (Crase),explicação conceitual,DIRETO,Conteúdo gramatical genérico e completo sobre crase.
PT-06,src/content/lessons/portugues-trio-3.ts (Aplicação/Revisão: crase),exercícios,DIRETO,Exercícios de crase reaproveitáveis.
PT-07,src/content/lessons/portugues.ts (Pontuação e recursos gráficos),explicação conceitual,DIRETO,Conteúdo gramatical genérico.
PT-07,src/content/lessons/portugues-trio-3.ts (Aplicação/Revisão: pontuação e recursos gráficos),exercícios,DIRETO,Exercícios de pontuação reaproveitáveis, um deles usa "parágrafo técnico" como pretexto.
PT-08,src/content/lessons/portugues.ts (Sinônimos, antônimos, parônimos e homônimos),explicação conceitual,DIRETO,Conteúdo genérico de significação das palavras.
PT-08,src/content/lessons/portugues-trio-1.ts (Aplicação/Revisão: sinônimos, antônimos, parônimos e homônimos),exercícios,DIRETO,Exercícios reaproveitáveis, um usa "contexto administrativo" como pretexto.
MAT-01,src/content/lessons/logica.ts (Números reais, múltiplos e divisores / Conjuntos),explicação conceitual,ADAPTAVEL,Conteúdo de conjuntos numéricos e MMC/MDC existe, mas está classificado dentro da matéria "Raciocínio Lógico-Numérico" (subjectSlug logica), não como "Matemática" isolada; pode ser reaproveitado com reclassificação de trilha/matéria.
MAT-01,src/content/lessons/logica-codex.ts (Números reais: operações / Divisibilidade, MMC e MDC / Conjuntos, operações e diagramas / Problemas com três conjuntos),explicação conceitual + flashcards,ADAPTAVEL,Mesma observação: bom conteúdo de aritmética/conjuntos, mas embutido na trilha de raciocínio lógico e sem tratar formalmente N, Z, Q, R, irracionais como conjunto numérico hierárquico.
MAT-02,src/content/lessons/logica.ts (Porcentagem / Médias e proporcionalidade direta e inversa),explicação conceitual,ADAPTAVEL,Cobre porcentagem e proporcionalidade, mas não "regra de três" como tópico isolado nesta aula; reclassificar de RLM para Matemática.
MAT-02,src/content/lessons/logica-trio-2.ts (Aplicação: regra de três em cenários de fiscalização / Revisão: médias e proporcionalidade),exercícios de aplicação/revisão,ADAPTAVEL,Cobre regra de três simples explicitamente; pretexto de fiscalização municipal pode ser trocado por cenário de logística/transporte da Transpetro.
MAT-02,src/content/lessons/logica-codex.ts (Regra de três simples e composta),explicação conceitual,ADAPTAVEL,Cobre regra de três simples e composta de forma genérica; boa base.
MAT-03,NENHUM,,NENHUM,Não há nenhuma aula sobre funções polinomiais, exponenciais, logarítmicas ou trigonométricas em todo o conteúdo pesquisado (buscas por "logarit", "função exponencial/logarítmica/trigonométrica" não retornaram nenhuma aula).
MAT-04,NENHUM,,NENHUM,Não há aula sobre equações do 1º/2º grau, exponenciais, logarítmicas ou sistemas lineares (busca por "equação do 2", "sistema linear" não retornou nenhuma aula).
MAT-05,src/content/lessons/logica.ts (Princípios de contagem, arranjos, combinações e permutações),explicação conceitual,ADAPTAVEL,Cobre análise combinatória de forma sólida, mas dentro da trilha de Raciocínio Lógico e sem tratar probabilidade em seguida (o edital Transpetro trata MAT-05 e MAT-06 como itens separados). Reclassificar para Matemática.
MAT-05,src/content/lessons/logica-trio-3.ts (Aplicação: escolhendo arranjo, combinação ou permutação / Revisão: contagem, arranjos, combinações e permutações),exercícios,ADAPTAVEL,Boa base de exercícios de contagem, reaproveitável com reclassificação.
MAT-05,src/content/lessons/logica-codex.ts (Arranjo, combinação e permutação),explicação conceitual + flashcards,ADAPTAVEL,Usa referência consagrada (Morgado, Análise Combinatória e Probabilidade); conteúdo sólido, mas não desenvolve probabilidade.
MAT-06,NENHUM,,NENHUM,Não há nenhuma aula sobre probabilidade básica; busca por "probabilidade" não retornou nenhuma aula de conteúdo (apenas referência bibliográfica do livro de combinatória, que cita "probabilidade" apenas no título da obra).
MAT-07,NENHUM,,NENHUM,Não há aula de estatística básica (medidas de dispersão, distribuição de frequências etc.). Existe apenas uma aula de médias aritmética/ponderada/geométrica (logica-codex.ts, "Médias aritmética, ponderada e geométrica"), que cobre só uma parte pequena de MAT-07 e está classificada como REFERENCIA_APENAS pelo escopo limitado.
MAT-07,src/content/lessons/logica-codex.ts (Médias aritmética, ponderada e geométrica),explicação conceitual,REFERENCIA_APENAS,Cobre apenas medidas de tendência central; não cobre dispersão, variância, desvio padrão ou distribuição de frequências exigidos em estatística básica.
MAT-08,NENHUM,,NENHUM,Não há nenhuma aula de matemática financeira (juros simples/compostos, desconto). Busca por "juros simples/compostos" não retornou nenhum arquivo de lesson.
MAT-09,NENHUM,,NENHUM,Não há nenhuma aula de geometria plana (áreas, perímetros, polígonos).
MAT-10,NENHUM,,NENHUM,Não há nenhuma aula de geometria espacial (volumes, sólidos).
AC-01,NENHUM,,NENHUM,Não há nenhum conteúdo de Recursos Humanos (recrutamento, cargos e carreira, treinamento, avaliação de desempenho) em todo o projeto — o ENSITEC é focado em administração pública municipal/controle, não em gestão de pessoas corporativa.
AC-02,src/content/lessons/especificas-controle-interno.ts (Princípios de auditoria governamental),explicação conceitual,REFERENCIA_APENAS,Trata de auditoria do setor público (NBASP/TCU) e de Sistema de Controle Interno (SCI) municipal — conceito distinto de "Sistema de Gestão Integrado" corporativo (ISO 9001/14001/45001, melhoria contínua e gestão de riscos empresarial). Serve apenas como referência de vocabulário de auditoria, não como base de conteúdo.
AC-02,src/content/lessons/especificas-competencias-auditoria-trio.ts (Aplicação: planejando uma auditoria governamental simples),exercícios,REFERENCIA_APENAS,Mesma ressalva: auditoria governamental municipal, não sistema de gestão integrado corporativo.
AC-03,NENHUM,,NENHUM,Não há conteúdo de administração patrimonial/controle de ativos, inventário, avaliação ou depreciação patrimonial.
AC-04,NENHUM,,NENHUM,Não há conteúdo de gestão de manutenção (preventiva/corretiva/preditiva).
AC-05,NENHUM,,NENHUM,Não há conteúdo de gestão de indicadores de desempenho ou ESG.
AC-06,src/content/lessons/logica.ts (Porcentagem) e logica-codex.ts (Porcentagem, aumentos e descontos sucessivos),explicação conceitual,ADAPTAVEL,Cobre porcentagem, aumentos e descontos sucessivos (útil para "descontos" e "porcentagem" de AC-06), mas não trata juros simples/compostos nem matemática financeira propriamente dita (VP/VF, taxas). Falta complementar com juros.
AC-07,NENHUM,,NENHUM,O conteúdo de "finanças" do ENSITEC é de contabilidade pública/orçamentária (PPA, LDO, LOA) e Lei de Responsabilidade Fiscal — não trata de registros contábeis empresariais (partidas dobradas, princípios contábeis societários, obrigações acessórias fiscais de empresa). Não serve para AC-07.
AC-08,NENHUM,,NENHUM,Não há conteúdo de fluxo de caixa empresarial; o conteúdo financeiro existente é de execução orçamentária pública (PPA/LDO/LOA), conceito diferente.
AC-09,NENHUM,,NENHUM,Não há conteúdo de Balanço Patrimonial ou DRE societário/empresarial em nenhuma aula.
AC-10,NENHUM,,NENHUM,Não há conteúdo de logística e cadeia de suprimentos.
AC-11,NENHUM,,NENHUM,Não há conteúdo de modalidades de transporte/intermodalidade.
AC-12,NENHUM,,NENHUM,Não há conteúdo de gestão de estoques.
AC-13,NENHUM,,NENHUM,Não há conteúdo de armazenagem.
AC-14,NENHUM,,NENHUM,Não há conteúdo de manuseio de materiais.
AC-15,NENHUM,,NENHUM,Não há conteúdo de embalagem.
AC-16,src/content/lessons/especificas-licitacoes-financas.ts (Licitações e a Lei nº 14.133/2021),explicação conceitual,ADAPTAVEL,"Confirmado no texto (linha 11 e referências, arts. 5º, 6º, 17, 28 e 117): usa a Lei nº 14.133/2021 (Lei Geral de Licitações, vigente, regime GERAL da administração pública), não a Lei nº 8.666/1993 (revogada). NÃO há qualquer menção à Lei nº 13.303/2016 (Lei das Estatais, que rege licitações de empresas como a Petrobras Transporte S.A./Transpetro) em nenhum arquivo do projeto — busca confirmou ausência total. Portanto, grau máximo ADAPTAVEL: útil apenas como base de conceitos gerais de licitação (princípios, modalidades, fases), mas é necessário criar conteúdo específico da Lei 13.303/2016 (arts. 28-91), que tem regras próprias de licitação e contratação para estatais, diferentes da Lei 14.133/2021."
AC-16,src/content/lessons/especificas-licitacoes-financas-trio.ts (Aplicação: escolhendo a modalidade e a fase corretas / Revisão por questões: Lei nº 14.133/2021),exercícios,ADAPTAVEL,Mesma ressalva de legislação: base na Lei 14.133/2021 (geral), falta Lei 13.303/2016 (estatais).
AC-16,src/content/videos/lote2.ts (vídeos "Licitações - Lei 14.133/2021 - Curso Completo..." e correlatos),vídeo (link curado externo),REFERENCIA_APENAS,Vídeos externos do YouTube curados sobre a Lei 14.133/2021; nenhum trata da Lei 13.303/2016. Servem apenas como referência de apoio.
AC-17,src/content/lessons/especificas-licitacoes-financas.ts (Licitações e a Lei nº 14.133/2021 — cita arts. 5º, 6º, 17, 28 e 117, que incluem trechos de execução contratual),explicação conceitual,ADAPTAVEL,"A aula é focada em licitação, não em gestão de contratos (fiscalização, aditivos, riscos contratuais) de forma aprofundada. Base é a Lei 14.133/2021 (geral), sem cobertura da Lei 13.303/2016 (estatais). Necessário desenvolver aula dedicada ao ciclo de vida e fiscalização de contratos sob o regime de estatais."
AC-17,src/content/videos/lote2.ts (vídeo "Contratos - Lei 14.133/2021 - Curso Completo de Licitações e Contratos - Parte 1"),vídeo (link curado externo),REFERENCIA_APENAS,Vídeo externo sobre contratos administrativos pela Lei 14.133/2021; não trata do regime de contratos de estatais (Lei 13.303/2016).
AC-18,src/content/lessons/informatica.ts (Windows 10 e 11 Pro / Organização e gerenciamento de arquivos, pastas e programas),explicação conceitual,DIRETO,Cobre Windows 11 explicitamente (título e conteúdo), hardware/software básico e gerenciamento de arquivos — alinhado com o que o edital pede.
AC-18,src/content/lessons/informatica-codex-1.ts (Windows 10 e 11 Pro: interface e recursos / Windows: atalhos e produtividade / Arquivos, pastas, extensões e propriedades / Compactação e gerenciamento seguro de arquivos),explicação conceitual,DIRETO,Aprofundamento específico de Windows 11, com referências oficiais Microsoft Learn/Suporte Microsoft.
AC-19,src/content/lessons/informatica.ts (Editores de texto, planilhas e apresentações — título do arquivo cita "MS Office 2010/2013/365"),explicação conceitual,ADAPTAVEL,"O conteúdo é sobre Word/Excel/PowerPoint do Microsoft Office nas versões 2010/2013/365 (não especificamente ""2024"" citado no edital). Os conceitos e a interface do Office 365/2024 são muito próximos, então o núcleo é reaproveitável, mas recursos exclusivos do Office 2024 (ex.: integrações de IA/Copilot, mudanças de interface mais recentes) não são cobertos."
AC-19,src/content/lessons/informatica-codex-1.ts (Word: formatação, estrutura e recursos essenciais / Excel: fórmulas e cálculos essenciais / Excel: funções, referências e buscas / PowerPoint: estrutura, design e apresentação),explicação conceitual,ADAPTAVEL,Mesma ressalva de versão (referências ao Microsoft 365, não especificamente ao "Office 2024"); núcleo funcional é o mesmo e serve como boa base.
AC-20,src/content/lessons/informatica.ts (Redes, internet, intranet e navegadores / Ferramentas Google e busca na internet),explicação conceitual,DIRETO,Cobre internet e intranet de forma direta e genérica.
AC-20,src/content/lessons/informatica-codex-1.ts (Internet, intranet e extranet: diferenças e usos / Redes de computadores: conceitos fundamentais),explicação conceitual,DIRETO,Conteúdo técnico genérico e atual sobre redes/internet/intranet.
AC-21,src/content/lessons/informatica.ts (Segurança da informação, malware e antivírus),explicação conceitual,DIRETO,Cobre segurança da informação de forma direta (malware, antivírus).
AC-21,src/content/lessons/informatica-codex-2.ts (Princípios da segurança da informação / Vírus, worms, trojans / Phishing, ransomware e engenharia social / Antivírus, firewall e antispyware / Backup: tipos, políticas e restauração),explicação conceitual,DIRETO,Cobertura ampla e atual de segurança da informação, com boas referências (NIST, CERT.br, CISA).
AC-21,src/content/essays/codex.ts (menção pontual: "A LGPD disciplina o tratamento de dados por pessoas jurídicas públicas e privadas.", linha ~160),menção pontual em texto de redação,REFERENCIA_APENAS,"Não existe nenhuma aula dedicada à Lei nº 13.709/2018 (LGPD) em todo o projeto — a única ocorrência é uma frase dentro de um tema/texto de redação, sem tratar princípios, agentes de tratamento, bases legais, direitos do titular ou a ANPD. É necessário criar conteúdo específico de LGPD do zero."
